Carlos Martinez;$6036.79
Maria Gomez;$5962.97
Alejandro Diaz;$5918.549999999999
Ana Arango;$5551.990000000001
Luis Diaz;$5003.589999999999
